citrus_id,label,kind,whole,exocarp,endocarp,rind,spine,mesocarp,oil_glands,num_glands,wadell,krumbein,corey,sneed,janke,equancy,rho,area,volume,density_whole,density_exocarp,density_area,density_volume
C01_CRC2317_18B-18-9,L00,Lemons and Lemon Hybrids,160.6876095107824,34.10451643622636,88.07754593918719,47.45001788617516,6.902805725835007,40.54721216034015,0.22894020023775996,8217,0.9988484782444667,0.9580654875264656,0.9287687439698127,0.9519301035938622,0.9505751287246466,0.9120113787907724,0.9913005960130308,131.55219664128307,141.63493517810699,51.13648790355939,240.935830753248,62.46189884921603,58.01534762357226
C01_CRC2317_18B-18-9,L01,Lemons and Lemon Hybrids,86.99294718164087,16.5971545943463,50.56160755043128,26.259459956275386,3.5012007964003833,22.758259159875003,0.18090736774105595,5768,0.9998340498736672,0.9815674391316899,0.9755276589266714,0.983617827733753,0.9834130793324483,0.9654872322528955,0.9987624536532858,85.07800922469471,73.77202013773062,66.30422565126392,347.5294495337669,67.79660281855517,78.18682461495943
C01_CRC2317_18B-18-9,L02,Lemons and Lemon Hybrids,82.89804435605015,16.715138828818493,51.140165702607156,20.911448195971516,1.6987779447182716,19.212670251253243,0.17218177418675196,6005,0.9988585321628458,0.9585288564503623,0.9288200038293527,0.9519651287135023,0.950622892077795,0.9124860462063754,0.9913680526676001,86.85977323892052,75.99024165872716,72.4383795377404,359.25516751597706,69.13441949108442,79.0233044259618
C01_CRC2317_18B-18-9,L03,Lemons and Lemon Hybrids,62.717742939645355,14.892982019569981,37.67197483505419,14.9988062799527,1.6277018094099838,13.371094537832764,0.17554195153580796,5817,0.9994107953186248,0.9763290846949286,0.9448988195337438,0.9629199936106775,0.9622246909292038,0.9401267959963593,0.9954829737647062,70.87127947302972,56.052537470452144,92.7488734025047,390.5866529856967,82.07838271374341,103.77763902421735
C02_CRC3919_18A-24-1,L00,Lemons and Lemon Hybrids,103.97097539283708,23.0826089512928,61.02447558910977,26.68924836330144,1.9511752151351043,24.73807314816634,0.573768710156992,13185,0.9973450885625728,0.9213449784013639,0.9303064650362248,0.9529805260697976,0.949676869851064,0.878023822208698,0.9815717396834671,100.58081349720479,94.4745232636105,126.81423782149456,571.2092609558132,131.0886196040403,139.5614346018994
C02_CRC3919_18A-24-1,L01,Lemons and Lemon Hybrids,82.51667579314164,14.134825093007361,49.92322094919175,24.92556525504461,1.5659586787658242,23.35960657627879,0.7544769242021762,12603,0.9983502460572203,0.9380873188430826,0.9406978723408952,0.9600638293159666,0.9580192464176999,0.900623703561238,0.9882861363913047,86.5049140047055,75.46739780629774,152.73276436382446,891.6275876830503,145.6911453529039,166.9992654622614
C02_CRC3919_18A-24-1,L02,Lemons and Lemon Hybrids,79.676378023911,16.26301970349773,52.26529851411949,16.88569979377882,1.0287012428291202,15.856998550949697,0.7035872879011201,12192,0.9974409421708563,0.9229035083564314,0.9298674601046201,0.9526806993803814,0.949502457442197,0.8792323598016127,0.9821848423438843,84.74535137233535,73.07661575481477,153.0190039052875,749.6762730587994,143.8662982991656,166.83859636995726
C03_CRC3593_18A-8-3,L00,Lemons and Lemon Hybrids,250.14192401186145,29.417940542794405,164.00477180341917,75.10715987905262,6.173145193384031,68.93401468566859,0.38164824792939195,6596,0.9823098120791013,0.804526404478686,0.8402629074359942,0.8904512098366294,0.8684139100893634,0.7163915102135595,0.8985804105511692,184.80772722623112,229.99941193973368,26.369030405663725,224.21691927770303,35.691148303152666,28.678334193864536
C03_CRC3593_18A-8-3,L01,Lemons and Lemon Hybrids,241.57167994903614,33.66850895683043,174.71799294182972,49.258312781285696,4.264143675725936,44.993770864696785,0.366994794357616,6317,0.9887955071613687,0.8422282808888147,0.8744104160979164,0.9144154351058754,0.9003820459139013,0.7701465399274189,0.9311715216637135,180.62614325899753,224.4421670685961,26.14958840097765,187.62339633452797,34.972789021698446,28.14533508789968
C03_CRC3593_18A-8-3,L02,Lemons and Lemon Hybrids,172.95111476351227,23.74058485922591,128.5292607699604,33.336354581152776,2.84907396476688,30.487280616385895,0.299968141840144,5414,0.992751876824734,0.8719294775073533,0.8929653695485766,0.9273060169635381,0.9182650454187181,0.8085454508604425,0.9531657607846828,144.20545597725874,161.0673178131976,31.303643271700953,228.04829923539342,37.54365577439587,33.61327470715717
C04_CRC3005_18B_37_1,L00,Lemons and Lemon Hybrids,205.725172237503,46.39024199899183,130.9787784903124,47.35771601653384,3.8803645729938427,43.377556621231896,0.570248214120096,12704,0.9968162396204389,0.9156396316761681,0.9133833684949639,0.941388162457485,0.9374884563765908,0.8619723103368764,0.9778574114753669,157.674950534633,185.28511244966364,61.752287587508484,273.8506947274836,80.5708196319338,68.56460204513891
C04_CRC3005_18B_37_1,L01,Lemons and Lemon Hybrids,144.8522988292665,33.68823324580256,84.65132413914968,33.11842471745638,1.6033851474852079,31.486454801527568,0.7882466711879089,12417,0.9837191269511513,0.8118294571829118,0.8529046403071531,0.8993601730029723,0.8789469224987136,0.7301270810609327,0.9054270050581288,125.43674100090968,128.8895269573866,85.72180145125336,368.5856693463471,98.9901355928081,96.3383161775844
C04_CRC3005_18B_37_1,L02,Lemons and Lemon Hybrids,142.27785812933286,29.245269952526943,88.60146026648786,30.30518184537255,2.079766507536477,28.197069453789325,0.523966093276375,10418,0.998145630515229,0.9343399547358274,0.9380141494834507,0.9582369785759487,0.9559375349067474,0.895319095188848,0.9868960191813516,120.98633368338031,124.78694499996682,73.22291842859956,356.22854625418944,86.10889910313153,83.4862973847366
C05_CRC3050_18B-29-1,L00,Lemons and Lemon Hybrids,158.3025725892151,31.865479937125713,92.3629122637817,44.78670691724715,5.725627246006297,39.061079671240854,0.4380304841064001,14467,0.9998055343132636,0.978225811009898,0.9810477311923175,0.9873249043618078,0.9870819870734531,0.9658267052995994,0.9985669023086255,127.56144602968442,135.43355190308486,91.38828108334617,454.0022629047191,113.4120100569684,106.81991129016882
C05_CRC3050_18B-29-1,L01,Lemons and Lemon Hybrids,141.6922643551447,29.032917523207438,91.31739538730046,30.926770795559626,3.7931824264764167,27.13358836908321,0.47622412522019214,14330,0.9993033024716845,0.9594105736201423,0.9613126842231186,0.9740392295337102,0.973172844761679,0.9345035359354585,0.994945691509915,123.55568339063379,129.0071817780815,101.13466719737472,493.5776774258159,115.98009583010646,111.07908724531711
C05_CRC3050_18B-29-1,L02,Lemons and Lemon Hybrids,116.76352956687396,26.01435338561514,74.41038475796535,24.54034976191259,2.7948481294385124,21.745501632474078,0.5291069093172321,13700,0.997070149242281,0.9171818010359517,0.9313998597190889,0.9537270756406341,0.9500648130124884,0.874741116932828,0.9798077843633213,109.11658239140637,106.70837772978037,117.33115683312401,526.6323478013308,125.5537856827063,128.38729527584766
C06_CRC1482_18B-27-7,L00,Other,153.448337488492,20.121423821541956,115.53035141580861,28.735367706895623,6.002771093436417,22.73253513162695,0.35481994363462405,8991,0.9956910405973385,0.9350555175921329,0.8592415288889143,0.9038093700322356,0.8991838379249376,0.8451119383001117,0.9665120312219827,132.5621723970982,142.5903487025441,58.593010176303075,446.83716618374956,67.82477864851899,63.054758486887565
C06_CRC1482_18B-27-7,L01,Other,127.71508827465193,18.747166018392452,93.76885550718318,24.628451083712324,4.307517334885441,20.320933748826885,0.33859564799008,8887,0.9966948134897975,0.9268360934720534,0.88538055057363,0.9220475502342367,0.9182757205198115,0.8545869494545768,0.9754119809840744,117.90898283849698,119.79465746412193,69.58457391415227,474.04498318738683,75.37169591372658,74.18527827638411
C06_CRC1482_18B-27-7,L02,Other,103.11353791037646,15.667089252843395,74.28458034783803,21.221311694774467,4.041540711282049,17.179769601878213,0.3354842527936641,7351,0.9993537484158921,0.9723190707505824,0.9434663067652249,0.9619465250368625,0.9611824376968419,0.9353189513355941,0.9950659348219714,101.84088437152788,96.54636452109418,71.2903479889255,469.20010994804784,72.18122707166074,76.1395836753014
C07_CRC0661_18B-13-7,L00,Other,283.57838789664123,40.3840631572775,184.696369510164,75.87421352841588,5.185305480310875,70.688908048105,0.827956419271125,13791,0.9990410784522954,0.9613977334501537,0.9350205397913073,0.9561971262674223,0.955061773730394,0.9192857499250505,0.9927627539203594,200.2562097283637,266.0895505842139,48.632055856903136,341.49609825763065,68.86677830718317,51.82841629714928
C07_CRC0661_18B-13-7,L01,Other,282.115764582355,45.67166032648875,174.59984057736375,78.6497150256415,6.1340337992421246,72.51487452257476,0.95342528443125,16000,0.9998987573609651,0.9900185070531201,0.9767535694414177,0.9844417066633452,0.9843181260322827,0.9746155087116704,0.9992330261336848,197.28465283086894,260.52404293520647,56.714306709114425,350.3266552085536,81.10108804923976,61.41467720113369
C07_CRC0661_18B-13-7,L02,Other,258.2988416594016,39.51119670237812,173.5570977969845,61.504880913575875,4.44029747176975,57.06451651004775,0.77637316990875,11748,0.999209748489353,0.9635585089283751,0.9421987265173849,0.9610847259401073,0.9601397577508707,0.926061365480686,0.9940666822872011,187.814191777394,241.74161295825363,45.48220164104013,297.3334391386051,62.551183639648855,48.59734265953112
C08A_CRC3546_18A-5-3,L00,Other,405.1015279810672,56.29567506534955,138.12710715175527,227.3379278556589,4.615042485423759,222.71573944994716,1.5636979642010742,8713,0.9934385825215255,0.8798844839913458,0.8806725966351723,0.9187760276934183,0.9107746316332767,0.8084167710306419,0.9565586743140753,242.71402944734066,352.0689037413135,21.50818843716435,154.77210265061592,35.89821329998716,24.747996506962096
C08B_CRC3546_18A-5-3,L00,Other,470.22321941213187,49.31038037764916,146.32170247972454,331.65716964714085,5.9797122206146565,325.55202351121613,0.363812970037248,3726,0.9892286044728963,0.8473230376372437,0.852489810132027,0.8990685327501102,0.8859688693158656,0.7618014802138829,0.9323516047101643,202.54101950492716,266.6786817675234,7.923896239446036,75.5621832860344,18.396273550451635,13.971870474626588
C08C_CRC3546_18A-5-3,L00,Other,427.2217432733687,44.99900168557167,131.07868051825682,250.1952141745163,9.126395358405894,240.82817115729702,1.1426821470554798,9286,0.9762198277357109,0.7758011590017053,0.8130075611335877,0.8710900567671427,0.8416586026053087,0.6757926756348105,0.8712156862167393,236.75319379428203,330.3992243884029,21.735785095699395,206.36013360664026,39.22227975546859,28.10539285371864
M01_CRC3226_12B-27-1,L00,Mandarins and Mandarin Hybrids,116.6802000639824,16.219721739388966,88.18987929076302,20.599717540632405,8.31955728585535,12.279394968631197,0.35701958349619195,10886,0.9866572547117854,0.9120725264431272,0.7634458974961328,0.8353186484618935,0.8227879017513833,0.7618711900876978,0.8963782202858583,112.714661466161,110.27927442480376,93.29774883853976,671.1582464182336,96.58015965623225,98.71301798800687
M01_CRC3226_12B-27-1,L01,Mandarins and Mandarin Hybrids,101.31438033296817,14.937908234443267,74.07524947916886,20.211046382542822,8.205435931705198,12.005246260095621,0.3235086937679759,10010,0.9902487753818734,0.9113472547260781,0.7948532280199384,0.8580737734545841,0.8484654330518098,0.782003177790282,0.9241101348084743,101.70208596826438,95.03532740273278,98.80137416921751,670.1072093159147,98.42472654025572,105.32925253764274
M01_CRC3226_12B-27-1,L02,Mandarins and Mandarin Hybrids,82.99744921020425,12.922065861058293,62.35833205833933,14.539986631506885,5.982104866437359,8.55673917731496,0.30980006865143994,8956,0.9911527284100331,0.9237522912347065,0.8025412541692852,0.8635978998871157,0.85482957820673,0.7977505387262037,0.9306900744736002,88.45232092041334,77.18777707831477,107.90693069756281,693.0780338296868,101.25228944595283,116.02873329171324
M02_CRC3812_12B-29-1,L00,Mandarins and Mandarin Hybrids,196.03888526837434,36.861270178534504,104.56039886881953,66.25954791800017,17.853994352508018,48.19846898509232,0.599451922503951,10996,0.9944886167548657,0.9427622689888374,0.840193657494753,0.8904022850374643,0.8846711359296983,0.8394376785547655,0.9566858063266573,154.0288663612981,178.2693645725718,56.09091270309275,298.30768030352147,71.38921592922208,61.68193860097387
M02_CRC3812_12B-29-1,L01,Mandarins and Mandarin Hybrids,180.1397032470316,45.6448221566185,98.03071552735281,60.44808040103583,13.396749211520193,47.00382002348065,0.445161867342295,10117,0.9952036875640606,0.9230494508100171,0.8556512698136588,0.9012899590955464,0.8960967959333508,0.8319352017637268,0.9633361268533966,141.91174836702083,157.82264008353891,56.16196661613358,221.64616975143662,71.29078541006201,64.10360385965444
M02_CRC3812_12B-29-1,L02,Mandarins and Mandarin Hybrids,146.884287931793,32.11679068356685,89.6837918700312,38.71383536863745,10.935646521553446,27.723287262822662,0.409697711482061,8747,0.9925490783911127,0.9303091465203914,0.8170507600573919,0.8739757024099979,0.8664506238600831,0.8130675897886046,0.9415192150858858,127.29388904122065,133.54054108858932,59.55027677338604,272.3497526941745,68.71500325649978,65.50070808981773
M03_CRC3851_12B-25-9,L00,Mandarins and Mandarin Hybrids,170.3869249178906,25.953050845396486,119.46692900592079,36.25045906160333,4.769018015910913,31.481441045692417,0.37841468452147203,10650,0.9999488048305145,0.9890269425814212,0.9884747325071489,0.9923016531369424,0.9922378333216679,0.98141307012052,0.9996187285880632,139.54865854793658,154.99902304808708,62.50479609942037,410.3563801975551,76.31746597077894,68.71011049337989
M03_CRC3851_12B-25-9,L01,Mandarins and Mandarin Hybrids,137.61502464621057,18.73521877320653,99.97542589475637,28.906694971297284,4.339455280414721,24.567239690882566,0.3152361663846401,9046,0.9990689395895128,0.9560375894202848,0.9446432820436143,0.9627463783724391,0.961613167203136,0.9204217268022963,0.9931632859655342,122.70379575609311,127.63036035382741,65.73410151439518,482.8339668462691,73.72225076053364,70.8765529997873
M03_CRC3851_12B-25-9,L02,Mandarins and Mandarin Hybrids,84.6316782985723,12.353413993324034,65.79862909781761,13.620501198974464,1.3421397100052481,12.27836148896922,0.13203013355315202,3642,0.9998891209242567,0.9848033548124646,0.9801845357171052,0.986745673680977,0.9866084631593667,0.9717504497877116,0.9991726314442744,87.00960525754812,76.30489086857557,43.033531571374255,294.8172871052642,41.85744768315743,47.72957484826015
M04_CRC3752_12B-28-7,L00,Mandarins and Mandarin Hybrids,68.7645369907115,10.760132999388999,47.97246827400687,14.967143504561374,3.01842463004125,11.883866240152875,0.314477663649125,8586,0.9994663907430772,0.9781226066451095,0.9473163668379059,0.9645617306563942,0.9639307374491975,0.9434596342597503,0.995909541855714,76.46017676056026,62.81726904317097,124.86087125344521,797.9455272985516,112.29375033865782,136.68215971151656
M04_CRC3752_12B-28-7,L01,Mandarins and Mandarin Hybrids,62.16426081776313,9.069876447622626,43.22047573347987,14.903022279971124,3.185982773418625,11.662193931746625,0.278414130782125,7780,0.9985639415594296,0.9638875570967143,0.9153369125658728,0.9427299782393038,0.9410901864794659,0.908685695726921,0.9888900451294387,71.6323906956188,56.88552900723054,125.15229647477612,857.7845624390258,108.61008441082008,136.7658899508715
M04_CRC3752_12B-28-7,L02,Mandarins and Mandarin Hybrids,58.95836647738625,9.983054131359374,41.7060245508105,9.06306204978625,2.134499951228125,7.114627521471375,0.27165149276462497,7435,0.9990407205612064,0.9722306270459415,0.9298155640127774,0.9526452528484226,0.9515334939361518,0.9261908915291616,0.9925956847900682,68.79236299729143,53.57460035730188,126.1059361753472,744.7620640105243,108.0788575367405,138.77845005682167
M05_CRC3958_12A-23-13,L00,Mandarins and Mandarin Hybrids,106.67733402427174,16.015688110491624,81.48930485798662,16.451325351658,3.7709427384097496,12.680380194565124,0.310524084213,9644,0.9938882970797953,0.9364499582691456,0.8326547771468479,0.8850680266925394,0.8787700517640183,0.8288219166615833,0.9519961991141097,103.24256244274525,97.7391012320831,90.40345906850044,602.1595783750539,93.4110871700635,98.67084798641808
M05_CRC3958_12A-23-13,L01,Mandarins and Mandarin Hybrids,93.56096346080399,14.169540175269626,69.81808633576401,16.320103568604125,3.536101667861125,12.783196479262374,0.314271591846875,9767,0.9931796069268373,0.9293374302934968,0.8244864866483073,0.8792702139388904,0.8723058597267686,0.8171387211555814,0.946530858275225,95.75824102080065,87.21270232359454,104.39182794533474,689.2954802475901,101.99644329179363,111.99056719697165
M05_CRC3958_12A-23-13,L02,Mandarins and Mandarin Hybrids,78.02573078978499,7.555390919652875,59.38008468090488,17.059259903916875,2.5999639089553748,14.45927567802325,0.285725326132375,8887,0.9966499526024488,0.9444294651993089,0.8741602312452674,0.9142410061059302,0.9105892369301636,0.8634361444599016,0.9739175656883696,83.74084591976434,71.69581474989847,113.89832443791059,1176.24621869444,106.12503256194728,123.954236812862
M06_CRC3844_12B-31-1,L00,Other,24.333119607191847,4.549851153490762,12.975925225442557,8.321110380914247,1.9715962899082784,6.326863294842332,0.20289215981330805,8725,0.988642717105002,0.8993824547749126,0.7816812433046891,0.8485676296548478,0.8375178670305908,0.7631868378015061,0.91239116206369,37.90070325094228,21.567696974350454,358.5647932056051,1917.6451505025516,230.2068102069605,404.54017924937796
M06_CRC3844_12B-31-1,L01,Other,19.689675330139544,3.900003611488592,11.18447252552347,6.023225970050936,1.5537139056631444,4.458267584194776,0.10501573514224102,10387,0.9873958857678512,0.9104225057229358,0.7693427298161818,0.839614446984829,0.8276723496762015,0.7644038886651051,0.9019989887750574,33.16240840404444,17.618944128990766,527.5353618502954,2663.3308670284505,313.2160931572514,589.5358952247827
M06_CRC3844_12B-31-1,L02,Other,17.31162425809742,3.8198110810287775,9.693076597470949,5.369276619296503,1.2407248357895253,4.115455307228371,0.07320232482087201,8958,0.9909593219339874,0.9044711669830888,0.8040431705812621,0.8646750180432576,0.8555658103092779,0.7820736226307087,0.9304055948113855,30.248788288220673,15.43190452855962,517.4557780625317,2345.1421575507266,296.14409392684263,580.4857063119817
M07_CRC3363_12B-23-1,L00,Mandarins and Mandarin Hybrids,68.89986870940255,11.632562784191274,46.03843941301511,17.69234847274426,4.2504380532508135,13.345295992718603,0.2646300516373889,8640,0.991005951893903,0.919386578116948,0.8014134575285536,0.8627886446508367,0.8538756289092335,0.793236299643692,0.929671077130185,77.46771993431994,63.25128721882743,125.39936812420842,742.7426062760491,111.5303252416015,136.59801056867994
M07_CRC3363_12B-23-1,L01,Mandarins and Mandarin Hybrids,61.81156679934413,11.246523976097953,41.78978190969704,13.709870122420751,3.013472369890385,10.996176363985356,0.4159557134753579,9165,0.9902379668224768,0.8993253384871458,0.7977880462564704,0.8601846397991864,0.8504025433566238,0.7735858423488469,0.9251795351072127,72.11025887074418,56.73861830977736,148.2732193110699,814.9184600929336,127.09703367488989,161.53019359691848
M07_CRC3363_12B-23-1,L02,Mandarins and Mandarin Hybrids,56.16447087862411,11.611262640530049,36.68427932228781,11.691649084803403,1.9494556034069064,9.925109353070663,0.3108051882456389,9474,0.996412730308347,0.9357975138313478,0.8724469432090391,0.9130460533383266,0.909110270552888,0.85442622672753,0.972370366911625,66.37985745075787,50.580973966301066,168.6831523878159,815.931935509773,142.7240184573767,187.30362935106652
M07_CRC3363_12B-23-1,L03,Mandarins and Mandarin Hybrids,54.3257187330042,9.142940578989823,38.0927112766996,10.983145121710592,2.900388429130256,8.23028980597728,0.23648086339577992,7315,0.9900862910724103,0.9198083406548516,0.79234022292681,0.8562642304810483,0.8465722330531914,0.7875989810008766,0.9224672844951608,66.37389567853818,50.0932658626229,134.65077261013684,800.0708236920658,110.2089899232069,146.02761217567348
M08_CRC3991_12A-22-13,L00,Mandarins and Mandarin Hybrids,237.0587874244485,38.97326217739058,144.5368289862656,70.94521878099557,6.290056564576255,64.59655117533593,0.8081847280558078,15612,0.9985471547680889,0.9416043337422253,0.945877446658451,0.9635847399427783,0.9617792068704007,0.907315567057995,0.989658552146667,175.69333612735784,218.50411247679855,65.85708199058261,400.5823256195611,88.85937477266106,71.44945613624427
M08_CRC3991_12A-22-13,L01,Mandarins and Mandarin Hybrids,197.07175003412067,29.205745475756025,128.37148790134373,52.45049370353254,6.436165795905535,45.9449944729518,0.7096294471147518,14055,0.9994164193691613,0.9705616744339001,0.9482037717093572,0.9651640097027411,0.964466591503181,0.9367511973604294,0.9955847624470568,154.38810886308522,180.2246972799734,71.31920225789105,481.24092609336725,91.0368039579025,77.98598201092273
M08_CRC3991_12A-22-13,L02,Mandarins and Mandarin Hybrids,179.97914178091006,19.314384337879037,125.2864842905436,44.55962273072332,6.461274586656767,38.042377491243,0.5695670767861759,10811,0.9993990196742526,0.9710909639745956,0.9467247139151153,0.9641600730842502,0.963444354704367,0.9362871347972013,0.9954392408424599,146.7361576858982,166.98901620492316,60.06807173889245,559.7382660961993,73.6764555546146,64.74078502704103
M09_CRC3816_12B-24-11,L00,Mandarins and Mandarin Hybrids,248.7938281483173,37.68725292034175,157.3070269740566,70.96789427814258,2.9206543527365754,68.047239925406,1.10801365108992,12396,0.9998832448080955,0.983898159349667,0.9810013177287537,0.9872937638247696,0.9871488732770217,0.9713965169645956,0.9991314730296728,183.30634232368672,233.32645733602433,49.82438709295546,328.91757927278485,67.62450138310462,53.127279870143234
M09_CRC3816_12B-24-11,L01,Mandarins and Mandarin Hybrids,188.97755112453078,32.09387439025497,115.50105405427563,54.9649872134133,1.9082927002872958,53.056694513126004,0.6384307998418558,9044,0.999912648202875,0.9859862149092664,0.983783459274642,0.9891595406630357,0.989050979159593,0.9752976714397351,0.9993497161126381,151.98980629641466,176.17269517963828,47.85753623212243,281.79832356875346,59.50399056606563,51.33599160061717
M09_CRC3816_12B-24-11,L02,Mandarins and Mandarin Hybrids,179.34231772249112,33.35242421149286,108.71230816043307,50.35904867774994,2.2492375006890235,48.10981117706092,0.8416169875808639,10211,0.9999439692385002,0.9894796537883525,0.9852671373031114,0.9901538147735417,0.9900843866077752,0.9797370538393405,0.9995805608214094,145.6781822695636,165.32140297499646,56.93580929293103,306.1546571622643,70.09285701482408,61.7645375387017
M10_CRC3558_12B-23-15,L00,Mandarins and Mandarin Hybrids,80.787350090267,10.731758772181465,53.424037911194354,22.794452251907547,2.593523608684344,20.200928643223204,0.30865407030352804,10555,0.9981414291188446,0.9581021228789666,0.9045596565532801,0.9353155244087697,0.9332172001790187,0.8961277894976964,0.9856006387360174,85.12329981430364,73.6435324790137,130.65164271642118,983.5293751999296,123.99660284582151,143.32555276334514
M10_CRC3558_12B-23-15,L01,Mandarins and Mandarin Hybrids,75.55851782614599,14.539633976286794,52.926858240394395,13.68384445083701,1.683220171488408,12.000408805844065,0.30023511785114404,11115,0.9980919986780312,0.9609241537024258,0.9026616642640501,0.9340067159147429,0.9318626232910809,0.8975096130427564,0.9851636877097986,82.05697758500071,69.69521289779006,147.10452666070967,764.4621603355249,135.45466000726455,159.4801068518214
M10_CRC3558_12B-23-15,L02,Mandarins and Mandarin Hybrids,77.58187907399605,15.958101808506745,50.44642371043467,16.937264737402778,2.492155049744448,14.44508977737557,0.32953508996076003,11079,0.9956845532988727,0.9447840018299998,0.8572943270505022,0.9024433865160162,0.8978547436755048,0.8526140741376191,0.9661532963478809,83.8273695540776,71.70265311383399,142.80396572288575,694.2555031259511,132.16447156740213,154.51311100596453
P01A_CRC3781_12A-31-9,L00,Pummelos and Pummelo Hybrids,284.2655816611871,22.203341188111047,150.66375813535677,120.12892632673241,1.9755786337928547,118.153348131452,1.035015463770525,19421,0.9971882677949281,0.9369757772742527,0.8896600155485078,0.9250162912215325,0.9218366053065025,0.866717858458642,0.9786878341842291,204.43110267896265,273.6906811469466,68.3199136754715,874.6881757777576,95.00022132394707,70.95966847907664
P01B_CRC3781_12A-31-9,L00,Pummelos and Pummelo Hybrids,376.62670386066696,22.563374288591806,205.1983657755239,161.3753171278577,3.7350049413882234,157.6403121864695,1.1439056769557758,21428,0.999146520485248,0.9696855410166398,0.9347256492167341,0.9559960694765416,0.954997926541446,0.9270155658401413,0.9934534784373115,245.51049793801957,361.26233479739386,56.894531854351165,949.6806517469394,87.27936353014775,59.31423770490059
P01C_CRC3781_12A-31-9,L00,Pummelos and Pummelo Hybrids,238.53090477877942,24.589130747168802,120.36776955322765,104.17202053375182,2.667592434885802,102.18529981031257,0.8056431745676367,13111,0.9994634360899635,0.9639343804816856,0.9701492432003588,0.9799991510759788,0.9793282645186161,0.9446548745650015,0.9960998971902786,180.87342088281343,228.55267471833125,54.965623897496755,533.2030698771083,72.4871566867446,57.36533171689205
P02A_CRC4026_12A-19-7,L00,Pummelos and Pummelo Hybrids,380.83071875775767,26.996549139933393,216.610584299263,150.21212217316054,7.546109782463034,142.66601184901745,1.8883722047224174,22177,0.99968139036255,0.9768144755741685,0.9627666310200114,0.9750211122513648,0.9746340542831544,0.9524147364375594,0.9976050360720718,248.4234884038582,368.0062618098327,58.23322255184606,821.4753628342706,89.27094673087916,60.26256154157498
P02B_CRC4026_12A-19-7,L00,Pummelos and Pummelo Hybrids,316.02576208360847,27.51290756498138,193.9961885800294,108.35088002031381,3.800611047406697,104.55005101629082,1.0331209826814238,17091,0.9996599156547824,0.9716150537318247,0.9721210203866659,0.9813265660825669,0.9809033986628627,0.95347166423278,0.9975036470783918,215.54360398024744,297.40957112184344,54.08103405025052,621.1993392422669,79.292540740695,57.466207074412274
P02C_CRC4026_12A-19-7,L00,Pummelos and Pummelo Hybrids,252.1216927793886,19.59469104339575,141.49236707143007,99.90631772645408,4.604807460429961,95.27659453544535,0.6926326420417442,12596,0.9991436957236394,0.9620594444628874,0.9399448846268793,0.959551434729233,0.9585292080006004,0.9231455202291723,0.9935727086234422,186.45577977992673,239.09996761625538,49.96000090726721,642.8271806942009,67.55489164705448,52.68089379341117
P03A_CRC3907_12B-41-3,L00,Pummelos and Pummelo Hybrids,493.6601004426993,53.55826191454006,337.99495728990286,140.6955875759671,12.554739973280816,128.14084760268628,1.5738324148513902,25525,0.9978152356299362,0.9613334002967097,0.8959119201057671,0.9293448071778095,0.9269118903175193,0.8934102035323338,0.9829593284149583,293.5630668319345,471.4125430171179,51.70561683455876,476.5838002870374,86.94894856992728,54.1457803320968
P03B_CRC3907_12B-41-3,L00,Pummelos and Pummelo Hybrids,418.47182357786255,49.6873880742574,251.44355389290848,122.17617646461845,6.639674496500734,115.53548814743498,1.3127652828241916,17663,0.9988593445456839,0.9671366025404979,0.9242991074243805,0.9488735827477812,0.947557317222816,0.9176903730591195,0.9912023035041536,259.52572417390917,392.4650031461153,42.20833758646967,355.48256176401924,68.05876394805456,45.00528673488892
P03C_CRC3907_12B-41-3,L00,Pummelos and Pummelo Hybrids,262.6628665005078,37.28122572976915,166.91960231345698,67.03124346027447,2.6864927480324643,64.32214100955747,1.4197888514199282,16908,0.9986643400131937,0.9702941242114091,0.9174937468603385,0.9442103181589201,0.9426853100132112,0.9161617237293852,0.9896388020969369,191.46664316031064,248.6238640234095,64.37148967902287,453.52586104750634,88.30781028444375,68.0063439059414
P04A_CRC3959_12B-48-13,L00,Pummelos and Pummelo Hybrids,812.412272221302,62.66956824100398,470.480566200457,307.9718179900796,24.865918791028996,283.08246165204827,1.5818946483928322,17414,0.9991291224273009,0.9701397843552619,0.9338169712588225,0.9553763986207096,0.9543597977649825,0.926848653336002,0.9933106028029308,408.5625166398112,775.521817348584,21.434929770800416,277.8701128597567,42.62260802390785,22.454558479781234
P04B_CRC3959_12B-48-13,L00,Pummelos and Pummelo Hybrids,647.5189510600004,39.592435811486176,375.306211271259,260.15078862643486,21.157275198031922,238.99335141474705,0.589909783363208,6769,0.9998721556038068,0.9865706709954097,0.9750209217162346,0.9832771718083247,0.9831209019991234,0.9700724191654078,0.9990349395972691,332.8894934816227,571.005981020114,10.45374809327051,170.9670006722911,20.33407521878934,11.854516808925613
P04C_CRC3959_12B-48-13,L00,Pummelos and Pummelo Hybrids,574.2857858908465,38.41937785042632,328.4995907722425,231.46037172807715,19.508607525148246,211.95171779610828,1.0737055401533617,12245,0.9999613704375849,0.9909376942297207,0.9884156996586023,0.9922621451459251,0.992214125358569,0.9832699621823396,0.9997112081132578,323.46109292941037,546.9929417199287,21.322136644920178,318.71937249145543,37.856175804959186,22.38602926300589
P05A_CRC2242_12A-35-3,L00,Pummelos and Pummelo Hybrids,1048.6735748000433,132.22682705322262,457.2284875443015,458.9629612668888,21.799194064097474,437.1637672027913,9.225153574025473,28828,0.9984198353244649,0.9541517534083863,0.9147720052492158,0.9423420628910666,0.9405189516050418,0.8991373316179869,0.9879492860310362,488.5811917505866,1013.0916378911703,27.489965126180284,218.01929791748267,59.0034992888475,28.45547127405744
P05B_CRC2242_12A-35-3,L00,Pummelos and Pummelo Hybrids,1064.521878546875,125.20784776171875,443.1698707324219,523.6455637519532,22.590574890625,500.8924839023437,6.8515174492187505,27539,0.9997097282898189,0.9790384612765767,0.9632541662533158,0.9753502449956963,0.9749986066673069,0.9549054030663185,0.9978085561248421,493.68165919850526,1030.9917266582756,25.86982997248689,219.94627726857084,55.78291088372558,26.711174578734383
P05C_CRC2242_12A-35-3,L00,Pummelos and Pummelo Hybrids,893.0629471852066,103.28705304678128,419.34974445125494,396.7220150295546,30.131724580705075,366.5412715110058,5.962261897602136,27045,0.9989712018228288,0.9583760182208575,0.9344976437989454,0.955840600581509,0.9546173601534435,0.9160547088391395,0.9922852554490988,440.9101899013301,869.2175174854848,30.283419646108452,261.84307909095486,61.33902236655568,31.114191161536997
SR01_CRC3289_12B-19-9,L00,Sour Oranges and their hybrids,84.39155626932968,17.011092215457797,32.611012333874314,40.775310101252686,4.8602677138735375,35.914880339417095,0.4595118538613761,7784,0.9991967159470162,0.96006810082453,0.9464542228510318,0.9639764159621956,0.9630020703593162,0.9254830069124622,0.9940589912337175,86.56949449654716,75.64803170893543,92.23671590031962,457.5837871789774,89.91620021889426,102.89758800268382
SR01_CRC3289_12B-19-9,L01,Sour Oranges and their hybrids,55.943125344082254,11.311957230058242,19.396392296890053,29.87023860574631,2.3256671904054405,27.544465154382152,0.4150879420547841,9499,0.9947321560040007,0.8901443987156931,0.9072109179717391,0.9371422372975377,0.9305726944198358,0.8341919133302961,0.9649992191762232,66.88974494476163,51.035498261373554,169.79744949134877,839.730897740593,142.00981044021606,186.12535046394092
SR01_CRC3289_12B-19-9,L02,Sour Oranges and their hybrids,30.8912022462034,8.543301385368963,10.130033663869764,15.247189522469444,1.4968992639989125,13.750280770884933,0.23806743141971204,8192,0.997285958541938,0.9211025647451622,0.9244399293361643,0.9489699576103562,0.9456154779505777,0.8740986618210069,0.9810980478582327,43.49771123457151,26.865998028226866,265.1887723472082,958.8799025666362,188.33174821136535,304.92074001468484
SR02_CRC0628_12B-18-5,L00,Sour Oranges and their hybrids,155.4400564265134,27.540704492674557,66.94041896516045,71.37047555887564,6.257274630151679,65.11320092872397,0.7089960156226559,12673,0.9999551113653982,0.9896665421257048,0.989489753926388,0.9929808376769099,0.9929248440182351,0.9827199120207932,0.9996656604128671,130.00830634135792,139.38024424910552,81.52982115000293,460.15525867796305,97.47838700955754,90.92393307440577
SR02_CRC0628_12B-18-5,L01,Sour Oranges and their hybrids,131.8496339446318,25.341889253442044,61.210327091613685,54.279861156711924,5.546252857609727,48.73360129683149,0.49949087658854396,9494,0.9998473462573308,0.9883373308199133,0.9713929615295556,0.9808365360729941,0.980651322888558,0.9693973640330326,0.9988403628936456,116.89917408218878,118.8205408411519,72.0062674120647,374.63663048367573,81.21528722970288,79.90200964235875
SR02_CRC0628_12B-18-5,L02,Sour Oranges and their hybrids,110.5723240667182,18.689038844640766,62.69760799208754,36.64643843083161,3.1960772347207675,33.45036119611085,0.27282457247385594,6920,0.9975493524303171,0.9547470381872528,0.8906880828944058,0.9257287701209508,0.9230112063250895,0.8838368014377059,0.9809121711823499,105.62525858640365,101.70143423996579,62.58347247747586,370.27051297420604,65.51463250941343,68.04230492632163
SR03_CRC3611_12B-20-11,L00,Sour Oranges and their hybrids,63.57782376043779,7.772225790368253,43.33099194988254,17.94694011360773,2.6394643880174957,15.307475725590235,0.26936727124564497,6793,0.9978278983035671,0.960597951210151,0.8962622957791577,0.9295870918525723,0.9271666864449066,0.8929594559049833,0.9830647127875582,73.77628488183157,59.39261529464108,106.845431287427,874.009605899283,92.0756583349302,114.37448858415439
SR03_CRC3611_12B-20-11,L01,Sour Oranges and their hybrids,61.273881750808094,8.981073457672561,42.997656620251725,14.188469342261762,2.692706900640003,11.49576244162176,0.24097443615773798,6444,0.9974588169090389,0.9500158271344054,0.8897605292482098,0.9250859620751367,0.922261405181266,0.8788463054312381,0.9802905360471778,72.16839670163844,57.429741209081264,105.16715794515524,717.5088846973931,89.29116198383969,112.20666965117756
SR03_CRC3611_12B-20-11,L02,Sour Oranges and their hybrids,51.28430676299973,8.868450377320535,32.87589474276688,13.806379222442018,2.1000365487607886,11.706083553437793,0.29343450726084697,6838,0.9965908769421988,0.942932127505935,0.8734080654178115,0.9137164954791629,0.909999831217337,0.8615726390194341,0.9734900452305189,63.73663354862645,47.602839135053024,133.33513567026387,771.0478955248996,107.28523957549625,143.6468942661183
SR03_CRC3611_12B-20-11,L03,Sour Oranges and their hybrids,39.3127524416561,5.220834571724317,25.92321870772841,11.908548379655572,1.9759766121739246,9.932571767481647,0.25396416629352897,6380,0.9983088509538506,0.9492292985332186,0.9145280592989127,0.9421745233313878,0.9402087740694864,0.8943396618777228,0.9872365071076263,53.60308379984089,36.809155937169734,162.28830605205098,1222.0268450093486,119.02300292691254,173.32644114117005
SR04_CRC2717_12B-40-1,L00,Sour Oranges and their hybrids,126.24123958041513,22.3032919648007,57.555683779461106,54.88985193532261,5.360711606393087,49.52914032892953,0.5999257483908479,12717,0.9978933938609279,0.9524542759673418,0.8997185924130823,0.931975430813947,0.9296020140517639,0.8876639841752493,0.9837352909732451,114.67734370419834,115.11090589540045,100.73570286751918,570.1848866109142,110.89374404069346,110.47606567839668
SR04_CRC2717_12B-40-1,L01,Sour Oranges and their hybrids,81.97407154107704,14.198680335431677,44.35772163458521,29.674652832924345,3.3876488876750073,26.287003945249335,0.4731691781998719,8933,0.9994672123248698,0.975654478196786,0.9481451560497728,0.9651242332259857,0.9644920474089781,0.9416277801631726,0.9959306174194632,86.85791875753097,76.05727632219553,108.97348188352085,629.1429758939223,102.84612074273849,117.4509584350329
SR04_CRC2717_12B-40-1,L02,Sour Oranges and their hybrids,72.63852370699301,12.843539682706302,39.944422870097846,25.588391464991865,3.683404090651647,21.904987374340216,0.3436776071097599,7917,0.9997890051105318,0.9882790100742519,0.9662279507415624,0.977356632072097,0.977102229002593,0.9659010448337169,0.9983921732781049,80.21669753515701,67.53571708697747,108.9917525297643,616.4188530253978,98.69516251937664,117.22685923070757
SW01_CRC3030_12B-8-5,L00,Sweet Oranges,303.8657287798162,60.84626835010572,173.15909790126386,88.17344763851483,9.497445327003096,78.67579876510104,0.9175861010667599,14099,0.9995651250066864,0.968308178420484,0.9666004957653832,0.9776078398438249,0.9770687182415747,0.9466256666087584,0.9968102142815876,200.80067534251853,267.38571999616875,46.398782964485804,231.7151138813512,70.2139072787003,52.72906870345214
SW01_CRC3030_12B-8-5,L01,Sweet Oranges,288.1357136064072,52.55509832743874,171.46622812633674,81.56515460407365,10.850032475481743,70.7151221285919,1.2001912797524399,15113,0.99949745184835,0.966610583760149,0.9616399350710252,0.9742602724795191,0.9736406000319647,0.9417302907157498,0.9963055160839274,198.56015004164408,262.8963089261644,52.45097808543209,287.5648696505165,76.1129561839591,57.48654312314652
SW01_CRC3030_12B-8-5,L02,Sweet Oranges,205.08411324753206,30.324884447541095,134.85193293800722,55.340309980890716,6.614624222523576,48.725550433555625,1.333763579036016,12292,0.99890160618574,0.9536509855570757,0.9372726258322741,0.9577319051468118,0.9564078881616154,0.9133419752427127,0.991894427213668,160.42281521708742,190.746720784749,59.93638320079832,405.3436715072694,76.62251770963012,64.44147479668126
SW02_CRC3746_12B-17-7,L00,Sweet Oranges,256.42284787933596,37.87458950530247,147.08321622453943,88.75727723776579,2.7886855858735764,85.96812719950347,0.8325549302302078,10714,0.9959559575126458,0.9030520750675651,0.9253312475234954,0.9495798391846705,0.9445021251775787,0.8575200442180416,0.9726748378434235,186.49456617344802,238.03087199582322,41.78254819571168,282.88095369324157,57.449395013662304,45.010968157895086
SW02_CRC3746_12B-17-7,L01,Sweet Oranges,243.50493749749018,35.40410986031991,153.40423706380398,71.35363363469308,2.2607446909970066,69.09288894369608,0.7244095938501778,9594,0.9943854413082148,0.887280201054374,0.8977449667325467,0.9306120091168522,0.923664493514073,0.8257136105528154,0.9627249106478573,181.2217081860467,227.4685078247763,39.399611763925265,270.9854883472929,52.94067744991435,42.1772670500413
SW02_CRC3746_12B-17-7,L02,Sweet Oranges,252.09417163570413,38.57193273580837,134.35091596513033,96.00842004009687,2.4246803686254386,93.58373967147142,0.8554158640430367,11244,0.9944996642057334,0.8877505687265863,0.9069482419936312,0.9369613336585951,0.9300909329797363,0.8317879568302387,0.9636026557018268,184.4029119355901,233.52449236096598,44.602379844975005,291.5073008400639,60.9751759447671,48.149125114550316
SW03_CRC1241-B_12B-4-3,L00,Sweet Oranges,376.7713804489975,45.607791244566535,249.06537969437497,107.23684897585154,6.01411461330125,101.03247977859074,0.7680153147310081,8996,0.9999539278065409,0.9900220269308412,0.987566609089413,0.9916938005363236,0.9916365296218026,0.9817987065017204,0.9996558428773692,239.5085256295523,348.5180417954432,23.876548131865775,197.24700000839735,37.56024958340777,25.812150078818735
SW03_CRC1241-B_12B-4-3,L01,Sweet Oranges,236.4617377616487,37.99704140000871,154.2082841279816,63.53940923906458,4.003236702425089,59.45743634050254,0.6300766037237762,8358,0.9999189320959317,0.9864340152590034,0.9845886259015904,0.9896991781503457,0.9895983613650091,0.9762729342013815,0.9993965525578066,173.81526193409786,215.45315642236991,35.346099031145535,219.96449439345253,48.08553579816794,38.79265515894856
SW03_CRC1241-B_12B-4-3,L02,Sweet Oranges,227.53540921780228,41.189556996145164,134.377959213269,73.09112371963086,2.8495923150274565,70.2075180137472,0.7269699600875522,9109,0.9996362044656618,0.9743324118263341,0.9614121000410909,0.9741063830134252,0.9736636442442711,0.9491034215368974,0.9972760014979343,170.72965766816054,209.65259043177642,40.033329455463566,221.1482876801149,53.35335479735306,43.44806797397613
SW04_CRC2802_12B-11-5,L00,Sweet Oranges,138.45416282862524,21.463939107421123,90.41431232260513,32.65483981432175,1.046782281963125,31.589230706131996,0.8946603092884999,15490,0.9999400678572606,0.9897758660500131,0.9837926120414187,0.9891656758427892,0.9890916518575272,0.9790523134742434,0.9995500388946262,123.5958494641246,129.19348095201494,111.87818180066638,721.6755471806365,125.32783315265118,119.89769054797199
SW04_CRC2802_12B-11-5,L01,Sweet Oranges,127.27179823541375,23.955827381801246,78.58722423348524,34.29937593242775,1.27264271129325,33.01225826604637,0.9533452009811251,14477,0.9999942634350083,0.9964480221328865,0.9956537858525379,0.9971004209952189,0.9970932633885888,0.9935587423685542,0.9999570390604422,116.79628903193185,118.68986680145834,113.74868746037511,604.3206009656708,123.95085597318952,121.97334439861484
SW04_CRC2802_12B-11-5,L02,Sweet Oranges,113.20546986735799,22.154128783521124,69.87914367685387,29.967231248483124,0.922803142827375,29.024754075485,0.9841882139355,14391,0.9999237171829294,0.9865824324962514,0.9861241404703356,0.9907279006936743,0.9906328364612892,0.97743474220827,0.9994329578200465,107.94909803798723,105.45147153007973,127.12283264105372,649.5854628553228,133.31283226596128,136.47035732351074
SW05_CRC3994_12A-25-9,L00,Sweet Oranges,281.697574435875,25.947554256,188.81434008815623,83.9652696455625,5.0652392145468745,78.9000202355625,0.48043384959374996,10565,0.9998726134832961,0.9829246811578569,0.9810597627952724,0.9873329767362553,0.9871746592088276,0.9704739513551216,0.9990542925840622,197.10780401343578,260.16361127421385,37.50476027760399,407.1674692637745,53.60011011679599,40.60906115292362
SW05_CRC3994_12A-25-9,L01,Sweet Oranges,264.18444141923436,37.28924788204687,170.19340435560937,72.42315750942188,4.043727106453125,68.37943040296874,0.811944569109375,13309,0.9999008013642706,0.9866753433886895,0.9794414036370244,0.9862468730119957,0.986124675117785,0.9731054720951319,0.9992557134914515,190.60419101184354,247.40464913537286,50.37768283590911,356.9125352728741,69.82532718377122,53.79446201400076
SW05_CRC3994_12A-25-9,L02,Sweet Oranges,198.27389930948436,22.190671588921873,124.60658694778125,65.01561767451562,3.7987692959531247,61.2166111025625,0.596902071796875,10720,0.9996262341970169,0.9729763516012411,0.962483271788055,0.9748297922375715,0.9743729233487116,0.948486334683508,0.9972150779500267,155.84815808821855,182.84487501027186,54.0666221693014,483.08587493817384,68.78490019710016,58.62893340268778
WR02_CRC3877_12B-44-13,L00,Kumquats,16.36973925372,4.301186246824,5.697006874104,7.520710911896,0.6224808511359999,6.88095827424,0.089682080976,9503,0.970622414847296,0.7535180226257447,0.783307817332634,0.8497443922057609,0.81395450521449,0.6402977141522004,0.8475723473261569,28.197270519979973,13.46355950594783,580.52238051626,2209.3904924524077,337.01843564136396,705.8311730862731
WR02_CRC3877_12B-44-13,L01,Kumquats,15.390051829704,5.021259383648,6.005963407768,6.997331443792,0.643109853632,6.354055632280001,0.173716143216,13587,0.9626434175535892,0.7238845292905903,0.7711296705577468,0.8409140507459981,0.7949996405006333,0.6087246717981106,0.819565831626262,26.812763606544955,12.330603997935901,882.8430307022119,2705.8948685755595,506.73627677392545,1101.892494664042
WR02_CRC3877_12B-44-13,L02,Kumquats,12.525868390408,4.088746728056,4.672399956784,5.229450088679999,0.49314077433599995,4.736309314344,0.06250694047199999,11417,0.9779111799268803,0.7837131653903394,0.8135259739223519,0.8714603167489673,0.8442735077045922,0.6829749233514012,0.8781263595775072,22.109835191093563,9.45368632110285,911.4737313336979,2792.2981684483616,516.376531137558,1207.6770491648927
WR03_CRC3163_12B-30-1,L00,Other,14.792610956575999,3.823897613448,5.778010185312,7.362630142367999,2.8145298149599998,4.548073949352,0.06253633594399999,13294,0.9928396202113939,0.9167682517352086,0.8227542755955685,0.8780382427440392,0.870677999678213,0.8049575847571075,0.9444827833360239,26.619602328078756,12.775997194954464,898.6919238953014,3476.557519021235,499.4064087117218,1040.5449999042037
WR03_CRC3163_12B-30-1,L01,Other,9.04735978608,2.050205104464,4.791511285352,2.4794974535759997,0.654302520272,1.8248236937999998,0.0419347822,6170,0.9881737790783369,0.8779109652937154,0.7852025757445792,0.8511141491053807,0.8391940630040912,0.7472024442162442,0.9121365886225193,19.01393077851325,7.658287474757885,681.9669103347675,3009.45499870515,324.4989198641886,805.6631486264575
WR03_CRC3163_12B-30-1,L02,Other,7.284281865232,1.717366988528,3.845507276144,2.29621853504,0.39571678259199994,1.90050146044,0.059306532791999995,6697,0.9937040930056958,0.9311192312607922,0.8308056120249111,0.8837571646604175,0.8772736010239324,0.8228832917798251,0.950654651577639,16.80909251509666,6.419124995375466,919.3768341069961,3899.574199769714,398.4153215877216,1043.2886109593946
WR04_CRC4008_12A-24-5,L00,Trifoliates and Trifoliate Hybrids,54.80629546966679,8.361724551620688,39.02971342725617,11.93359793012028,1.6433777500726277,10.246485346296144,0.15365763209874697,8271,0.9997108086058468,0.9811262807393416,0.9619125452922308,0.97444438904379,0.9740959232073138,0.9560529992098536,0.9978041093887515,64.38124075403667,48.55393224017434,150.9133198863566,989.1500191066324,128.46909912157003,170.34665614902423
WR04_CRC4008_12A-24-5,L01,Trifoliates and Trifoliate Hybrids,47.08036457389497,11.15478886532179,31.579162896061614,14.556806717072472,1.8995632177941928,12.602864613450349,0.14140199024804498,7386,0.9998173321142497,0.9843197227495438,0.9699806323766644,0.9798855993023822,0.9796634939771993,0.9645207214315912,0.9986182605933864,58.40780421419103,41.96247779133942,156.88068830493668,662.1371403058763,126.45570398288424,176.01439163643448
WR04_CRC4008_12A-24-5,L02,Trifoliates and Trifoliate Hybrids,35.04268635369369,6.366120703343872,26.33422157131116,10.864413125795421,1.0676143654148758,9.619827791963203,0.10275248885974697,5259,0.9996516841078487,0.9729181484718536,0.9657862503107373,0.977058750850681,0.9766303761814795,0.9505981908258664,0.9974176638447716,48.86263366884267,32.10052782303382,150.0741109548433,826.0917825886737,107.62825507200218,163.82908184538917
WR05_CRC3605_18B-19-5,L00,Other,11.975032686078123,3.110342983375,7.397954050515625,2.410267301140625,0.180628050140625,2.221998565109375,0.12662082834375,10263,0.9993223839985796,0.9677184392110056,0.9448236295460982,0.9628689102557286,0.9620603789238461,0.9317859989974755,0.9948818652995899,23.098499551903945,10.428164916768859,857.0331513108528,3299.6361027888083,444.31457450031854,984.1616508669451
WR05_CRC3605_18B-19-5,L01,Other,10.689789891578124,2.5732543419375,6.859948511562499,2.2799885783125,0.238763497015625,2.0287978215624998,0.086793104390625,7877,0.9983652948373705,0.9625399143975883,0.9097423912270344,0.938884756434372,0.9370312991952089,0.9037140530875409,0.9873233500235452,21.40571099321407,9.289717623543536,736.871358548014,3061.104326775996,367.98590817642673,847.92674214734
WR05_CRC3605_18B-19-5,L02,Other,6.959146632890626,2.1885703029375,4.2112015467031245,1.498581063703125,0.07901553974999999,1.408191850375,0.05664917178124999,5809,0.9996497134253041,0.9727742429286663,0.9658571058515439,0.9771065386364904,0.9766755864102319,0.9505040733827614,0.9974041695577025,15.891091343402731,5.953552230479246,834.7287830587228,2654.244184983758,365.550727415058,975.7200029691165
WR05_CRC3605_18B-19-5,L03,Other,5.82475163515625,1.632199818140625,3.6271498061406247,1.131329674171875,0.064672737953125,1.063816131828125,0.046667288937499996,4887,0.9997255581385773,0.9859376742842587,0.9616285734066448,0.9742525986162719,0.9739233101057873,0.9605523412451227,0.9979049423440154,14.013083110873264,4.930552103318875,839.0057303909242,2994.118701451143,348.74552311817786,991.1668911703501
WR05_CRC3605_18B-19-5,L04,Other,5.32459592221875,1.6351314948125,3.164060098265625,1.14520328603125,0.05387813753125,1.0886466975156248,0.0398187888125,4219,0.9998034484217558,0.9850912475924513,0.9681530042459521,0.978654351799955,0.978416297837999,0.9640638363763996,0.9985082185127243,13.250484488152686,4.534124028256946,792.3605963026674,2580.2206204118106,318.40345187168253,930.4994688515194
WR05_CRC3605_18B-19-5,L05,Other,4.486955955578125,1.315363723875,2.634482678234375,1.33181997159375,0.08371808525,1.2436763302031248,0.039786280109375,4249,0.9998991098053923,0.9868018504611327,0.9789670428548808,0.9859284094414539,0.9858042633694649,0.9729159788590281,0.9992422564516914,11.298191567055095,3.570437926716193,946.9671737512151,3230.2852229211894,376.0778859857404,1190.050096714017
WR06_CRC2485_12B-29-9,L00,Other,18.057751906874998,4.1093304875625,11.96323887078125,4.4061180273593745,0.476195277859375,3.929676557859375,0.29071924854687503,13296,0.9958621539983262,0.9480064095846646,0.8598746966109188,0.9042533217742567,0.8998421024833421,0.8572379449302193,0.9675298286226065,31.12872100984962,16.229852432511468,736.3042791023123,3235.5635644887466,427.12965931985883,819.2311085568217
WR06_CRC2485_12B-29-9,L01,Other,15.760104639046874,4.057733092203125,9.9681835621875,3.6991366220781248,0.48447891365624995,3.2094739960937497,0.2539701558125,11921,0.9927086005884905,0.902785662312942,0.8270512146180801,0.8810926989326967,0.8733924079644306,0.7954378557650521,0.9450049423434688,28.11256365729553,13.86299823103132,756.4036072745864,2937.8472484811846,424.04528257622513,859.9149910670625
WR06_CRC2485_12B-29-9,L02,Other,14.189733332499998,3.864262203234375,8.324054570875,3.02310369228125,0.27635819625,2.74354709590625,0.26833976303125,11502,0.9949267992493102,0.9348196945551169,0.8470842061201875,0.8952638662113158,0.8899213882398486,0.8369102939578954,0.960333602940227,26.124410651089157,12.460350525083646,810.5860575727631,2976.5060948433734,440.2778747286484,923.0879963485447
WR06_CRC2485_12B-29-9,L03,Other,9.9904491721875,2.793679508421875,5.895941702703126,2.0467553630156248,0.132621820875,1.9121330211875,0.2136715309375,9682,0.9962610967602568,0.9438995454110042,0.8670458963246628,0.9092738990454323,0.9052406406075001,0.8582632199630746,0.9707943378422117,20.638952320843437,8.767283346477159,969.1255951688145,3465.680286809018,469.11295929600425,1104.3329635160462
WR07_CRC2327_18B-9-5,L00,Other,16.282359962286876,5.3364912526158745,3.522935225395375,9.760850851556125,2.278268040398375,6.337224664837875,0.229618214665625,25164,0.9986384817929149,0.9435203084728958,0.9468500858245338,0.9642451917534172,0.9625544264009032,0.9097849207666907,0.990283313310424,27.599669499491064,13.606363884336298,1545.4762121882047,4715.457930838911,911.7500483280795,1849.4287095297298
WR08_CRC3661_18B-16-5,L00,Microcitrus,4.0614223545,0.7486233965000001,2.735652794875,0.613225818625,0.18928455,0.42392000262499996,0.0352214695,8749,0.8079609989492752,0.4289341300696612,0.5180750394730368,0.6450525739049925,0.4453581822037378,0.2766850646371337,0.5760949588353786,14.416594627730746,3.7381217303239342,2154.1714296978316,11686.78409051032,606.8700845046333,2340.48022808552
WR08_CRC3661_18B-16-5,L01,Microcitrus,3.920608034875,0.545472342625,2.660623903,0.59519821025,0.134677535125,0.447749498875,0.022994334124999998,10898,0.8089141130687562,0.42999363941717433,0.5276727379899108,0.6529948729711568,0.45173980852580936,0.2807836419496232,0.5775995585537657,13.559646171823788,3.4158592537289194,2779.6708834596516,19979.014788458542,803.7082872151528,3190.412482043342
WR08_CRC3661_18B-16-5,L02,Microcitrus,3.2886087543749998,0.866811635375,2.036231976625,0.69108746175,0.147727013,0.523901072625,0.025079259625,9469,0.7904121634124442,0.40700805950459124,0.5058370616977529,0.6348538593464194,0.42011446936233376,0.2583906373615868,0.5660311340895761,12.23181643773107,2.82677126599016,2879.333088012649,10923.94196566538,774.128687117254,3349.7581194222316
WR08_CRC3661_18B-16-5,L03,Microcitrus,2.39484083475,0.481338417,1.5595963039999998,0.39458094024999996,0.0757102185,0.31577420349999996,0.014116550875,7805,0.8370854835125213,0.46787754296270356,0.5579869020325786,0.6777705117222959,0.5003842037016681,0.31711360171720204,0.5988955672827905,8.982506612502448,1.9387635563203502,3259.089241650906,16215.202702177,868.9111332394104,4025.7616636932216
WR09_CRC3469_12B-36-9,L00,Papedas,170.31204177660172,34.348709399859914,72.73783359425896,75.32278428326626,12.061292165672514,63.25157813857358,0.6360097104819201,17408,0.9984476750084121,0.9652677084331878,0.9116297258252074,0.940182836401022,0.9384208710424525,0.9075281320010291,0.9879513013001433,140.10519276280746,155.576188094055,102.21238509273508,506.80215659197364,124.24949894234865,111.89373009625248
WR09_CRC3469_12B-36-9,L01,Papedas,135.479100935487,31.79174751493415,59.89534272783803,53.12836967143099,6.160848972554177,46.944106513737935,0.5407447289392001,15190,0.9971092488279636,0.9553806776277428,0.8813619394378062,0.919255410570789,0.916091315492323,0.8782388570640892,0.9773890907564708,119.68886470603206,122.59381259313851,112.12061413983872,477.7969500690237,126.91239103410474,123.90511134858183
WR09_CRC3469_12B-36-9,L02,Papedas,103.31239699438274,22.05134910088346,45.844467680561735,44.11411220368916,7.420505679716226,36.69297224575182,0.5022966469308161,12244,0.999615629813452,0.9748411900265302,0.9588764391448032,0.9723928684279883,0.9719277220209082,0.9479286210316513,0.9971075079903209,100.97494149925859,95.35506920994011,118.51433473821855,555.2494744872304,121.25780731539123,128.4042904215484
WR10_CRC0838_12A-5-5,L00,Trifoliates and Trifoliate Hybrids,64.58256260927217,10.774012122084367,52.504453477907205,9.8088633756257,0.5498960172889261,8.773286701705064,0.146768244889728,4795,0.9997374836396817,0.9865432081351002,0.9624317720055509,0.9747950183206496,0.9744797846011303,0.9616774046481674,0.9979964680550593,72.7836617899051,58.36515306741797,74.24604732720188,445.0524044029336,65.88016983593225,82.15518589424865
WR10_CRC0838_12A-5-5,L01,Trifoliates and Trifoliate Hybrids,64.68967044504812,6.5074164162905594,53.104097425977145,13.066861864280071,4.049869243354088,9.016984721535483,0.111809188413692,3713,0.9997653943739704,0.9773319098180512,0.9728877264934752,0.9818424759257943,0.9815523972611888,0.9595859821370405,0.9982605448974389,74.54134755967928,60.49462973993352,57.39710798425042,570.579745089762,49.811280873709705,61.37734896406823
WR10_CRC0838_12A-5-5,L02,Trifoliates and Trifoliate Hybrids,54.35844164331335,5.196266466585194,44.873648332327434,10.888226371082292,3.6279810261651884,7.260239876108297,0.09740191543436201,3156,0.9997773868672041,0.9847974601347126,0.9658923208547552,0.9771302885960517,0.9768614980011674,0.9622754264300903,0.9983073706575749,64.0683344386355,48.20520438401383,58.059059542377824,607.3591530178039,49.25990393932917,65.47010930310704
WR10_CRC0838_12A-5-5,L03,Trifoliates and Trifoliate Hybrids,49.797954582813055,5.960283970385438,41.3976303117732,7.716869005066376,0.569264715147051,7.085049016557744,0.07069832967520401,2546,0.9994702462594505,0.9752199507871252,0.9485087461690873,0.9653709515750861,0.9647416934323048,0.9414490118863756,0.9959579235385805,61.24756147738681,45.03620855180473,51.12659789602503,427.1608555314112,41.56900190940676,56.532289947795235
WR11_CR3228_12B-30-9,L00,Other,107.20997307215681,33.396096440103165,33.404369532537316,45.70136773640246,5.760628698459482,39.94071959328944,0.481624623433184,13465,0.9840867105105708,0.898623671243134,0.7450712669947109,0.8218613244654609,0.8072824703948221,0.7385440406438972,0.8774569808459395,102.2604003607614,94.92598160763082,125.5946589123522,403.19083471775974,131.6736483770573,141.84736119618475
WR11_CR3228_12B-30-9,L01,Other,80.34097772182228,24.618464465978228,32.32562329718507,29.246193568987703,4.276341730733304,24.969830570664598,0.33878905972111206,9992,0.9939107150782187,0.9348161572503721,0.8330600930454725,0.885355222983292,0.8790737747915666,0.8276443673507874,0.9522031742463244,82.86507265263621,70.28330012352382,124.36990790175516,405.87421745204944,120.58156325869246,142.16748477147388
WR11_CR3228_12B-30-9,L02,Other,50.77733985388719,17.03308446164025,16.06877001234736,21.83999361640227,2.9567740689831195,18.88315392171347,0.257078372044879,7420,0.9823027194955273,0.8922257061396153,0.7333624483522063,0.813228228856734,0.7972782634092629,0.7255831307443682,0.8645422156058797,61.62354364761053,44.28552891045379,146.12817491722092,435.62280318109043,120.40852506682667,167.5490884393271
WR12_CRC1455_18B-17-6,L00,Papedas,201.401434610352,30.461321004752,113.768034317248,69.307648678976,4.897196137696,64.41045254128,0.6951551432399999,12173,0.9997540278011211,0.9822343925998911,0.9650080485664664,0.9765338238138935,0.9762363616834892,0.9591851072870886,0.9981353401086211,155.11556522308678,181.59196433978195,60.44147611734196,399.6215396601151,78.47697284597342,67.03490456891996
WR12_CRC1455_18B-17-6,L01,Papedas,229.15246693434398,42.079382512656,97.40049876948,102.03096164329601,7.299309325896,94.73165231739999,0.838714890608,15120,0.9970085169665468,0.9193060775802668,0.9111830897159139,0.939875727869063,0.9362418689587105,0.8640334688002065,0.9789690356120062,166.77456425704287,201.61221344015857,65.98227024251122,359.3208620742578,90.66130718048922,74.99545658471646
WR13_CRC3912_12B-41-11,L00,Trifoliates and Trifoliate Hybrids,57.610175259174916,6.11977794607872,47.00899279513959,9.476132913916418,0.284225758299648,9.191738245966848,0.144684031776768,4362,0.9981478397706223,0.9510844211889266,0.9077021985079805,0.9374805329011222,0.9353611470912641,0.8916231300101505,0.9858454903105673,69.22591487221842,54.00937803424242,75.71579118404632,712.77095973637,63.01108491020531,80.76375175500918
WR13_CRC3912_12B-41-11,L01,Trifoliates and Trifoliate Hybrids,55.19273885914061,6.10897269641472,44.70731216536781,9.251276910391297,0.159991717197312,9.091285193193984,0.15902048671027202,4383,0.998649399577486,0.964804936861171,0.9178106364252832,0.944427717043475,0.9428810313538856,0.9111885239120696,0.9895594706513473,66.97839030280066,51.43934619239253,79.41262004021966,717.4692403801915,65.43901667664784,85.20714831029892
WR13_CRC3912_12B-41-11,L02,Trifoliates and Trifoliate Hybrids,53.41848357917492,4.213269390984192,43.997959696356865,9.405693615555071,0.289670610544128,9.116020024252416,0.06812324898508801,2698,0.9988048649510848,0.9652238846046832,0.9229344388731753,0.9479393853108142,0.9465607305543021,0.9149737358594798,0.9907927228805187,64.67408429448541,48.819150651513844,50.50686240467915,640.3578194580539,41.71686432721633,55.2651974480088
WR14_CRC2320_18B-18-3,L00,Other,138.26728451071264,24.695114574691704,83.43947878235977,40.72150084316387,6.321044722059313,34.400456121104554,0.6748442304950081,13989,0.9991054615156576,0.97502943001483,0.9319226867289006,0.9540839489580387,0.9530455128337769,0.9302599289388548,0.993093649780199,121.858319754816,126.3204287646039,101.17360769398898,566.4683173544109,114.79725002073268,110.74218269214616
WR14_CRC2320_18B-18-3,L01,Other,128.05660797797006,27.959503495108876,77.92201475526261,31.70566811025756,5.05940990719442,26.645943338316936,0.7689764419725991,15110,0.9999062670935184,0.9866091483477402,0.980649912312746,0.9870579767870425,0.9869422406221433,0.9738404298477074,0.9992981252644212,115.42225152318025,116.58617700888442,117.99469186782939,540.4244750856639,130.91063292042486,129.60370077876854
WR14_CRC2320_18B-18-3,L02,Other,126.32718381331841,26.03329591987301,80.80839664121302,28.96045852328821,4.57876049336179,24.381668042807735,0.6118880387619091,12482,0.9993747681319776,0.9775282298039187,0.9428895395070315,0.9615544419276062,0.9608192115388133,0.939946611477588,0.9951951826194143,114.50314664775283,115.10455659919585,98.80692043642351,479.4629169667153,109.01010466025446,108.44053761888348
WR14_CRC2320_18B-18-3,L03,Other,96.16702445894087,18.647129909464873,67.88026977366351,17.51082890307035,0.99568699700547,16.515141906064883,0.43362255594035004,8949,0.9997121653907283,0.9745146484157613,0.9713039532906681,0.9807766194587629,0.9804201825569671,0.9557811824862552,0.9978741637565818,95.94499317251243,88.33234362205725,93.05684615229863,479.9129969839318,93.27219382786747,101.31056907410489
WR15_CRC3140_18B-9-1,L00,Other,79.87752232495312,18.071579488453125,35.836748766734374,38.867741895828125,11.437290431859376,27.430451463968748,0.170749443921875,7863,0.9998431597763513,0.9839852036311123,0.9733838270391669,0.9821762254341635,0.9819842791960869,0.9664468731854727,0.9988199239589715,82.4140799792226,70.3353665609325,98.43820603263329,435.10308576093644,95.40845450173488,111.7929767692072
WR15_CRC3140_18B-9-1,L01,Other,72.91497834195312,18.341510619125,28.9627487560625,37.245084311375,7.7147499755624995,29.530311061593753,0.177645129453125,8491,0.99647017469245,0.9114811982999815,0.908225937755333,0.9378411123545145,0.9335282195369712,0.8548245409038804,0.9755476260466807,77.36368280317396,63.646712063419706,116.45069631892808,462.9389681320083,109.75434069759208,133.40830538959003
WR15_CRC3140_18B-9-1,L02,Other,67.35747986003125,14.12363474034375,24.499752063796873,39.3495149655625,8.1777728691875,31.171742096375,0.176756985265625,8310,0.9983403327058398,0.9434570745672294,0.9231322527783831,0.9480748293077246,0.9460927366449423,0.8944679049294911,0.9878097894678342,72.86134684112942,58.33611873479649,123.37159907508666,588.3754538244131,114.05224251645453,142.45034089049238
WR16_CRC3771_12A-42-5,L00,Other,127.62448438149875,36.45898667780249,55.470642447439,45.03510963420335,5.770750622042268,39.26432973726193,0.567370832339835,19386,0.9967752177865533,0.9134252908830262,0.9250944082768433,0.9494178018103177,0.9453997198810795,0.8672222317881128,0.9778581066635885,109.5526195827224,107.30101030044807,151.8987527663643,531.7207571159095,176.95606069338916,180.66931472237076
WR16_CRC3771_12A-42-5,L01,Other,121.456867923818,33.39238177691258,55.442752783291596,41.670023184309365,2.504847530461707,39.1651656737684,0.5045149625146109,16956,0.9987871967017508,0.9464321255901785,0.9514801685401935,0.9673860650998743,0.9658760709449992,0.915565249858793,0.9913285460850725,108.27666893015048,105.751270286985,139.605114884367,507.7804905705571,156.59883304073895,160.33849951858974
WR16_CRC3771_12A-42-5,L02,Other,116.18642732423089,30.930970212723103,55.04268666890534,39.028275580013734,5.330245891853377,33.69257989954851,0.446580602439336,14749,0.9985049863926438,0.9403782391556188,0.949667229725269,0.9661568440572421,0.964289320861735,0.9085528717626993,0.9893988380409735,103.64925122106192,99.00301572940366,126.94253829529768,476.83599636758777,142.29721706858746,148.97525990836644
WR16_CRC3771_12A-42-5,L03,Other,109.66464579801212,24.55966366414089,52.32171253811321,41.97680815925359,6.199403010107921,35.77740514914567,0.426127428014139,14091,0.9987352012609502,0.946339841280525,0.943965142395159,0.9622855662385034,0.9607260304776254,0.9106491700206854,0.9909031741461083,102.91209312107421,97.98260152058015,128.4917294672503,573.7456421511997,136.92268393979893,143.8112458877747
WR17_CRC2454_18B-20-5,L00,Papedas,78.91717083974964,20.794726356890987,42.56312210831398,22.075708756538873,1.2931002086307757,20.7826085479081,0.8395319329084798,12649,0.9981994467463898,0.9356586860545032,0.9363857971287797,0.9571276852607056,0.9549028770298312,0.8955448323774198,0.9872285375789633,81.85891337402404,69.45424001822131,160.28197495428776,608.2792234391849,154.52196320033067,182.1199108460698
WR17_CRC2454_18B-20-5,L01,Papedas,54.56086094315751,13.66379603442683,31.901702253277072,13.987765028150998,1.347346930172952,12.640418097978046,0.4848535471260879,8870,0.9999048056004456,0.9869149227344944,0.9798968609726746,0.9865525973189379,0.9864352820644724,0.9736434803565345,0.999285849290203,64.17016317077646,48.32941208925258,162.57074845723065,649.1607440312672,138.22623415175389,183.53213119206342
WR17_CRC2454_18B-20-5,L02,Papedas,53.470650400338776,14.426678287338918,28.951200422907917,14.992549990511533,1.0405089559665197,13.952041034545013,0.5047074744190639,8263,0.9994671684536102,0.9657723608796602,0.9600762444403224,0.9732038446194001,0.9725477174023853,0.93989337463524,0.9960822139031709,62.69375389820755,46.64048138418493,154.5333736944342,572.7583186804505,131.79941359734474,177.16369460118514
WR17_CRC2454_18B-20-5,L03,Papedas,45.897670780076595,11.970310842244709,25.204117660820554,13.005951948525686,1.0032993605705198,12.002652587955165,0.27283327255968,6102,0.9998320139066958,0.9849639620219628,0.9711884923001832,0.9806988932343377,0.980494410695303,0.965953067430647,0.9987296785712809,56.66162954433746,40.09571491374012,132.94792298368168,509.7611983863683,107.69192571888907,152.18583863955368
WR18_CRC2863_12A-39-9,L00,Trifoliates and Trifoliate Hybrids,81.93979395338933,12.914967908647222,56.18435859988178,20.326151007376414,0.19892495427883197,20.127226053097584,0.1400549100678,2680,0.9996422769835109,0.9710446404163641,0.9705546823358192,0.9802721690963251,0.9798276932188533,0.9518880359503101,0.9973731548185725,83.71909990653143,71.99089313293632,32.70694092206886,207.5111621613558,32.01181096060634,37.22693084319969
WR18_CRC2863_12A-39-9,L01,Trifoliates and Trifoliate Hybrids,76.37424241702541,13.162349107693293,49.876137484184156,20.348313542595932,0.08916748270898399,20.258999173688615,0.18774540252165597,3157,0.9996076885207178,0.971206047653678,0.963902474348097,0.9757878287419954,0.9753056222696939,0.9476910405010776,0.9970951734235889,82.15386803984319,69.97778943103292,41.33592556979968,239.8508027837339,38.42789238443295,45.11431449419251
WR18_CRC2863_12A-39-9,L02,Trifoliates and Trifoliate Hybrids,74.7773647916333,12.183948780941806,52.1287863819562,17.765115616243513,0.057352580176751995,17.70776303606676,0.19026298875931197,3209,0.9997396783914846,0.9749073576315329,0.9773276092720236,0.9848273743350376,0.9845025140527112,0.960115453236172,0.9980864436163204,79.90505317135234,67.13756318125112,42.914055729857026,263.37930811228733,40.16016350203112,47.797385665259704
WR18_CRC2863_12A-39-9,L03,Trifoliates and Trifoliate Hybrids,73.38857306709563,15.434268178632333,41.7615595834469,23.027418436051583,0.31484732599648796,22.712571110055094,0.205022891600928,3554,0.9994761264867905,0.9645210664403694,0.9681958030733357,0.9786831936255012,0.9780297545182682,0.9439605576229351,0.9961861436212422,78.83866060562295,65.77203919229729,48.42715768231042,230.26682955530504,45.07940612763937,54.03511953779011
WR18_CRC2863_12A-39-9,L04,Trifoliates and Trifoliate Hybrids,62.306367977775665,11.41148290425739,39.367452796403825,17.59812976973815,0.20400764875948796,17.39412212097866,0.19752737530348796,3264,0.9992198643439045,0.9567419176557375,0.9623254645127771,0.9747232349311032,0.9737495378680723,0.9325585769715877,0.9943666823131518,72.28309900719032,57.719232531930174,52.38629863907732,286.02768171192446,45.15578392225983,56.54960845493503
WR19_CRC3842_18B-18-5,L00,Other,399.7931192518376,67.59530958239228,282.26454875909593,80.92400227506133,16.156287970463783,64.76532200323186,0.711018199998747,8271,0.9998601809184097,0.9819848383076939,0.9807056613510944,0.9870953853198565,0.9869214929145769,0.9693127023475903,0.9989634142818424,248.99295176663375,369.37143232016933,20.688199975722778,122.36056097825005,33.217807738397006,22.392094450961054
WR19_CRC3842_18B-18-5,L01,Other,367.2958001802758,66.05047629083147,247.8728643016577,82.55095459026388,18.8657010623061,63.6850349103395,0.654088922956404,7982,0.9986600822523888,0.9439067045603139,0.9476889403027632,0.964814618052431,0.9631496357375069,0.9106949866374878,0.990436671752633,235.8650188130873,339.9348203265277,21.731803075565473,120.84697110818547,33.8413896226188,23.480972006141684
WR19_CRC3842_18B-18-5,L02,Other,345.03672394256637,49.09461999101931,228.23621258085714,94.99347764414641,11.756936953728585,82.96506258128746,0.786508737454404,9021,0.9975482401917632,0.9380935360701093,0.8990291123630479,0.9314992370565576,0.9286806522498504,0.8738334131369949,0.9815945903439021,227.09761887173613,320.62216654301034,26.14504304620515,183.74722121589244,39.723005660816845,28.13592115999211
